{
  "lang":"en",
  "name":"pipeline",
  "version":"0.0.0",
  "spacy_version":">=3.6.0,<3.7.0",
  "description":"",
  "author":"",
  "email":"",
  "url":"",
  "license":"",
  "spacy_git_version":"6fc153a26",
  "vectors":{
    "width":0,
    "vectors":0,
    "keys":0,
    "name":null,
    "mode":"default"
  },
  "labels":{
    "transformer":[

    ],
    "ner":[
      "College Name",
      "Companies worked at",
      "Degree",
      "Designation",
      "Email Address",
      "Graduation Year",
      "Location",
      "Name",
      "Skills",
      "Years of Experience"
    ]
  },
  "pipeline":[
    "transformer",
    "ner"
  ],
  "components":[
    "transformer",
    "ner"
  ],
  "disabled":[

  ],
  "performance":{
    "ents_f":0.640070922,
    "ents_p":0.722,
    "ents_r":0.5748407643,
    "ents_per_type":{
      "Name":{
        "p":0.9791666667,
        "r":0.9791666667,
        "f":0.9791666667
      },
      "Designation":{
        "p":0.7176470588,
        "r":0.6559139785,
        "f":0.6853932584
      },
      "Companies worked at":{
        "p":0.6052631579,
        "r":0.4181818182,
        "f":0.4946236559
      },
      "Email Address":{
        "p":0.8958333333,
        "r":1.0,
        "f":0.9450549451
      },
      "College Name":{
        "p":0.6515151515,
        "r":0.6417910448,
        "f":0.6466165414
      },
      "Degree":{
        "p":0.7636363636,
        "r":0.6774193548,
        "f":0.7179487179
      },
      "Graduation Year":{
        "p":0.5,
        "r":0.3409090909,
        "f":0.4054054054
      },
      "Location":{
        "p":0.6935483871,
        "r":0.5058823529,
        "f":0.5850340136
      },
      "Skills":{
        "p":0.7142857143,
        "r":0.2985074627,
        "f":0.4210526316
      },
      "Years of Experience":{
        "p":0.5,
        "r":0.1111111111,
        "f":0.1818181818
      }
    },
    "transformer_loss":90.5092573979,
    "ner_loss":16199.4608450866
  }
}